TEAM,NAME,image,,,,,,,,,BATTING STYLE,BOWLING STYLE,PLAYING ROLE
Chennai Super Kings,MS Dhoni,,0,, 'BATTING STYLE\n\nRight hand Bat', 'BATTING STYLE\n\nRight hand Bat', Bihar (now Jharkhand)',, 'AGE\n\n43y 364d',,Right hand Bat,Right arm Medium,Wicketkeeper Batter
Chennai Super Kings,Khaleel Ahmed,, 'BATTING STYLE\n\nRight hand Bat', 'BATTING STYLE\n\nRight hand Bat',nil,, Rajasthan',, 'AGE\n\n27y 213d',,Right hand Bat,Left arm Fast medium,Bowler
Chennai Super Kings,C Andre Siddarth,,2,,,, 'BATTING STYLE\n\nRight hand Bat', 'BATTING STYLE\n\nRight hand Bat', 'PLAYING ROLE\n\nBatter',,Right hand Bat,not defined,Batter
Chennai Super Kings,Ravichandran Ashwin,, 'BATTING STYLE\n\nRight hand Bat', 'BATTING STYLE\n\nRight hand Bat', 'BOWLING STYLE\n\nRight arm Offbreak',, Tamil Nadu',, 'AGE\n\n38y 292d',,Right hand Bat,Right arm Offbreak,Bowling Allrounder
Chennai Super Kings,Vansh Bedi,,3,,,, 'BATTING STYLE\n\nRight hand Bat', 'BATTING STYLE\n\nRight hand Bat', 'FIELDING POSITION\n\nWicketkeeper',,Right hand Bat,not defined,Wicketkeeper Batter
Chennai Super Kings,Dewald Brevis,,4,, 'PLAYING ROLE\n\nBatting Allrounder',, 'AGE\n\n22y 68d',, 'BATTING STYLE\n\nRight hand Bat', 'BATTING STYLE\n\nRight hand Bat',Right hand Bat,Legbreak,Batting Allrounder
Chennai Super Kings,Devon Conway,,Left hand Bat,Left hand Bat, 'BOWLING STYLE\n\nRight arm Medium',, Transvaal',, 'AGE\n\n33y 363d',,Left hand Bat,Right arm Medium,Wicketkeeper Batter
Chennai Super Kings,Sam Curran,,5,, 'PLAYING ROLE\n\nAllrounder',, 'AGE\n\n27y 33d',,Left hand Bat,Left hand Bat,Left hand Bat,Left arm Medium fast,Allrounder
Chennai Super Kings,Shivam Dube,,6,, 'PLAYING ROLE\n\nAllrounder',, 'AGE\n\n32y 10d',,Left hand Bat,Left hand Bat,Left hand Bat,Right arm Medium,Allrounder
Chennai Super Kings,Nathan Ellis,, 'BATTING STYLE\n\nRight hand Bat', 'BATTING STYLE\n\nRight hand Bat', 'BOWLING STYLE\n\nRight arm Fast medium',, New South Wales',, 'AGE\n\n30y 287d',,Right hand Bat,Right arm Fast medium,Bowler
Chennai Super Kings,Ruturaj Gaikwad,, 'BATTING STYLE\n\nRight hand Bat', 'BATTING STYLE\n\nRight hand Bat', 'BOWLING STYLE\n\nRight arm Offbreak',, Maharashtra',, 'AGE\n\n28y 156d',,Right hand Bat,Right arm Offbreak,Batter
Chennai Super Kings,Ramakrishna Ghosh,,nil,, 'PLAYING ROLE\n\nBowling Allrounder'],, 'AGE\n\n27y 312d',, 'BATTING STYLE\n\nRight hand Bat', 'BATTING STYLE\n\nRight hand Bat',Right hand Bat,Right arm Medium fast ,Bowling Allrounder
Chennai Super Kings,Shreyas Gopal,, 'BATTING STYLE\n\nRight hand Bat', 'BATTING STYLE\n\nRight hand Bat', 'BOWLING STYLE\n\nLegbreak',, Karnataka',, 'AGE\n\n31y 305d',,Right hand Bat,Legbreak,Allrounder
Chennai Super Kings,Gurjapneet Singh,,nil,,,, 'BATTING STYLE\n\nRight hand Bat', 'BATTING STYLE\n\nRight hand Bat', 'BOWLING STYLE\n\nLeft arm Medium fast',,Right hand Bat,Left arm Medium fast,Bowler
Chennai Super Kings,Deepak Hooda,,nil,, 'PLAYING ROLE\n\nAllrounder'],, 'AGE\n\n30y 78d',, 'BATTING STYLE\n\nRight hand Bat', 'BATTING STYLE\n\nRight hand Bat',Right hand Bat,Right arm Offbreak,Allrounder
Chennai Super Kings,Ravindra Jadeja,,Left hand Bat,Left hand Bat, 'BOWLING STYLE\n\nSlow Left arm Orthodox',, Saurashtra',, 'AGE\n\n36y 212d',,Left hand Bat,Slow Left arm Orthodox,Allrounder
Chennai Super Kings,Anshul Kamboj,, 'BATTING STYLE\n\nRight hand Bat', 'BATTING STYLE\n\nRight hand Bat', 'BOWLING STYLE\n\nRight arm Medium',, Haryana',, 'AGE\n\n24y 212d',,Right hand Bat,Right arm Medium,Allrounder
Chennai Super Kings,Ayush Mhatre,,1,,,, 'BATTING STYLE\n\nRight hand Bat', 'BATTING STYLE\n\nRight hand Bat', 'BOWLING STYLE\n\nRight arm Offbreak',,Right hand Bat,Right arm Offbreak,Batting Allrounder
Chennai Super Kings,Mukesh Choudhary,,nil,,Left hand Bat,Left hand Bat, Bhilwara,, Rajsthan',,Left hand Bat,Left arm Medium ,Bowler
Chennai Super Kings,Kamlesh Nagarkoti,, 'BATTING STYLE\n\nRight hand Bat', 'BATTING STYLE\n\nRight hand Bat', 'BOWLING STYLE\n\nRight arm Fast',, Rajasthan',, 'AGE\n\n25y 190d',,Right hand Bat,Right arm Fast,Bowler
Chennai Super Kings,Noor Ahmad,,nil,, 'PLAYING ROLE\n\nBowler'],, 'AGE\n\n20y 184d',, 'BATTING STYLE\n\nRight hand Bat', 'BATTING STYLE\n\nRight hand Bat',Right hand Bat,Left arm Wrist spin ,Bowler
Chennai Super Kings,Jamie Overton,, 'BATTING STYLE\n\nRight hand Bat', 'BATTING STYLE\n\nRight hand Bat', 'BOWLING STYLE\n\nRight arm Fast',, Devon',, 'AGE\n\n31y 87d',,Right hand Bat,Right arm Fast,Bowling Allrounder
Chennai Super Kings,Urvil Patel,,nil,, 'PLAYING ROLE\n\nWicketkeeper Batter'],, 'AGE\n\n26y 262d',, 'BATTING STYLE\n\nRight hand Bat', 'BATTING STYLE\n\nRight hand Bat',Right hand Bat,not defined,Wicketkeeper Batter
Chennai Super Kings,Matheesha Pathirana,, nil,, 'PLAYING ROLE\n\nBowler',, 'AGE\n\n22y 200d',, 'BATTING STYLE\n\nRight hand Bat', 'BATTING STYLE\n\nRight hand Bat',Right hand Bat,Right arm Fast ,Bowler
Chennai Super Kings,Shaik Rasheed,, 'BATTING STYLE\n\nRight hand Bat', 'BATTING STYLE\n\nRight hand Bat', 'BOWLING STYLE\n\nLegbreak',, Andhra Pradesh',, 'AGE\n\n20y 285d',,Right hand Bat,Legbreak,Batter
Chennai Super Kings,Rachin Ravindra,,1,, 'PLAYING ROLE\n\nBatting Allrounder'],, 'AGE\n\n25y 230d',,Left hand Bat,Left hand Bat,Left hand Bat,Slow Left arm Orthodox,Batting Allrounder
Chennai Super Kings,Vijay Shankar,, 'BATTING STYLE\n\nRight hand Bat', 'BATTING STYLE\n\nRight hand Bat', 'BOWLING STYLE\n\nRight arm Medium',, Tamil Nadu',, 'AGE\n\n34y 161d',,Right hand Bat,Right arm Medium,Allrounder
Chennai Super Kings,Rahul Tripathi,,1,, 'PLAYING ROLE\n\nTop order Batter'],, 'AGE\n\n34y 126d',, 'BATTING STYLE\n\nRight hand Bat', 'BATTING STYLE\n\nRight hand Bat',Right hand Bat,Right arm Medium,Top order Batter
Delhi Capitals,Axar Patel,,1,,Left hand Bat,Left hand Bat, Gujarat',, 'AGE\n\n31y 167d',,Left hand Bat,Slow Left arm Orthodox,Allrounder
Delhi Capitals,Faf du Plessis,,1,, 'PLAYING ROLE\n\nMiddle order Batter',, 'AGE\n\n40y 358d',, 'BATTING STYLE\n\nRight hand Bat', 'BATTING STYLE\n\nRight hand Bat',Right hand Bat,Legbreak,Middle order Batter
Delhi Capitals,Abishek Porel,,1,, 'RELATIONS\n\nIC Porel\n\n(cousin)'],,Left hand Bat,Left hand Bat, 'FIELDING POSITION\n\nWicketkeeper',,Left hand Bat,not defined,Wicketkeeper Batter
Delhi Capitals,Harry Brook,, 'BATTING STYLE\n\nRight hand Bat', 'BATTING STYLE\n\nRight hand Bat', 'BOWLING STYLE\n\nRight arm Medium',, Yorkshire',, 'AGE\n\n26y 134d',,Right hand Bat,Right arm Medium,Batter
Delhi Capitals,Dushmantha Chameera,,1,, 'PLAYING ROLE\n\nBowler',, 'AGE\n\n33y 176d',, 'BATTING STYLE\n\nRight hand Bat', 'BATTING STYLE\n\nRight hand Bat',Right hand Bat,Right arm Fast ,Bowler
Delhi Capitals,Donovan Ferreira,,1,, 'FIELDING POSITION\n\nWicketkeeper',, 'AGE\n\n26y 350d',, 'BATTING STYLE\n\nRight hand Bat', 'BATTING STYLE\n\nRight hand Bat',Right hand Bat,Right arm Offbreak,Allrounder
Delhi Capitals,Jake Fraser-McGurk,,1,,,, 'BATTING STYLE\n\nRight hand Bat', 'BATTING STYLE\n\nRight hand Bat', 'BOWLING STYLE\n\nLegbreak Googly',,Right hand Bat,Legbreak Googly,Batter
Delhi Capitals,Kuldeep Yadav,,Left hand Bat,Left hand Bat, 'BOWLING STYLE\n\nLeft arm Wrist spin',, Uttar Pradesh',, 'AGE\n\n30y 204d',,Left hand Bat,Left arm Wrist spin,Bowler
Delhi Capitals,Ajay Mandal,,Left hand Bat,Left hand Bat, 'BOWLING STYLE\n\nSlow Left arm Orthodox',, Madhya Pradesh',, 'AGE\n\n29y 131d',,Left hand Bat,Slow Left arm Orthodox,Allrounder
Delhi Capitals,Manvanth Kumar,,1,,,,Left hand Bat,Left hand Bat, 'BOWLING STYLE\n\nRight arm Fast medium',,Left hand Bat,Right arm Fast medium,Allrounder
Delhi Capitals,Mukesh Kumar,, 'BATTING STYLE\n\nRight hand Bat', 'BATTING STYLE\n\nRight hand Bat', 'BOWLING STYLE\n\nRight arm Medium',, Bihar',, 'AGE\n\n31y 267d',,Right hand Bat,Right arm Medium,Bowler
Delhi Capitals,Mustafizur Rahman,,1,, 'PLAYING ROLE\n\nBowler',, 'AGE\n\n29y 303d',,Left hand Bat,Left hand Bat,Left hand Bat,Left arm Fast medium ,Bowler
Delhi Capitals,Karun Nair,, 'BATTING STYLE\n\nRight hand Bat', 'BATTING STYLE\n\nRight hand Bat', 'BOWLING STYLE\n\nRight arm Offbreak',, Rajasthan',, 'AGE\n\n33y 212d',,Right hand Bat,Right arm Offbreak,Top order Batter
Delhi Capitals,Darshan Nalkande,, 'BATTING STYLE\n\nRight hand Bat', 'BATTING STYLE\n\nRight hand Bat', 'BOWLING STYLE\n\nRight arm Fast medium',, Maharashtra',, 'AGE\n\n26y 275d',,Right hand Bat,Right arm Fast medium,Bowler
Delhi Capitals,T Natarajan,,1,, 'PLAYING ROLE\n\nBowler'],, 'AGE\n\n34y 93d',,Left hand Bat,Left hand Bat,Left hand Bat,Left arm Medium ,Bowler
Delhi Capitals,Vipraj Nigam,,1,,,, 'BATTING STYLE\n\nRight hand Bat', 'BATTING STYLE\n\nRight hand Bat', 'BOWLING STYLE\n\nLegbreak',,Right hand Bat,Legbreak,Bowler
Delhi Capitals,KL Rahul,, 'BATTING STYLE\n\nRight hand Bat', 'BATTING STYLE\n\nRight hand Bat', 'FIELDING POSITION\n\nWicketkeeper',, Karnataka',, 'AGE\n\n33y 79d',,Right hand Bat,not defined,Wicketkeeper Batter
Delhi Capitals,Sameer Rizvi,, 'BATTING STYLE\n\nRight hand Bat', 'BATTING STYLE\n\nRight hand Bat', 'BOWLING STYLE\n\nRight arm Offbreak',, Uttar Pradesh',, 'AGE\n\n21y 212d',,Right hand Bat,Right arm Offbreak,Batter
Delhi Capitals,Sediqullah Atal,,,,,,Left hand Bat,Left hand Bat, 'PLAYING ROLE\n\nOpening Batter'],,Left hand Bat,not defined,Opening Batter
Delhi Capitals,Mohit Sharma,, 'BATTING STYLE\n\nRight hand Bat', 'BATTING STYLE\n\nRight hand Bat', 'BOWLING STYLE\n\nRight arm Medium',, Haryana',, 'AGE\n\n36y 291d',,Right hand Bat,Right arm Medium,Bowler
Delhi Capitals,Ashutosh Sharma,, 'BATTING STYLE\n\nRight hand Bat', 'BATTING STYLE\n\nRight hand Bat', 'PLAYING ROLE\n\nBatting Allrounder'],, Madhya Pradesh',, 'AGE\n\n26y 294d',,Right hand Bat,not defined,Batting Allrounder
Delhi Capitals,Mitchell Starc,,1,,Left hand Bat,Left hand Bat, Sydney,, New South Wales',,Left hand Bat,Left arm Fast ,Bowler
Delhi Capitals,Tristan Stubbs,,1,, 'PLAYING ROLE\n\nBatter',, 'BATTING STYLE\n\nRight hand Bat', 'BATTING STYLE\n\nRight hand Bat', 'BOWLING STYLE\n\nRight arm Offbreak',,Right hand Bat,Right arm Offbreak,Batter
Delhi Capitals,Madhav Tiwari,,1,,,, 'BATTING STYLE\n\nRight hand Bat', 'BATTING STYLE\n\nRight hand Bat', 'BOWLING STYLE\n\nRight arm Medium fast',,Right hand Bat,Right arm Medium fast,Allrounder
Delhi Capitals,Tripurana Vijay,, 'BATTING STYLE\n\nRight hand Bat', 'BATTING STYLE\n\nRight hand Bat', 'BOWLING STYLE\n\nRight arm Offbreak',, Andra Pradesh',, 'AGE\n\n23y 304d',,Right hand Bat,Right arm Offbreak,Bowler
Gujarat Titans,Shubman Gill,, 'BATTING STYLE\n\nRight hand Bat', 'BATTING STYLE\n\nRight hand Bat', 'BOWLING STYLE\n\nRight arm Offbreak',, Punjab',, 'AGE\n\n25y 303d',,Right hand Bat,Right arm Offbreak,Middle order Batter
Gujarat Titans,Anuj Rawat,,Left hand Bat,Left hand Bat, 'PLAYING ROLE\n\nWicketkeeper Batter'],, Uttarakhand',, 'AGE\n\n25y 264d',,Left hand Bat,not defined,Wicketkeeper Batter
Gujarat Titans,Kumar Kushagra,, 'BATTING STYLE\n\nRight hand Bat', 'BATTING STYLE\n\nRight hand Bat', 'FIELDING POSITION\n\nWicketkeeper',, Jharkhand',, 'AGE\n\n20y 258d',,Right hand Bat,not defined,Wicketkeeper Batter
Gujarat Titans,Kusal Mendis,,1,, 'FIELDING POSITION\n\nWicketkeeper',, 'AGE\n\n30y 156d',, 'BATTING STYLE\n\nRight hand Bat', 'BATTING STYLE\n\nRight hand Bat',Right hand Bat,Legbreak,Wicketkeeper Batter
Gujarat Titans,Sherfane Rutherford,,1,,,,Left hand Bat,Left hand Bat, 'BOWLING STYLE\n\nRight arm Fast medium',,Left hand Bat,Right arm Fast medium,Middle order Batter
Gujarat Titans,Sai Sudharsan,,1,, 'PLAYING ROLE\n\nTop order Batter'],, 'AGE\n\n23y 266d',,Left hand Bat,Left hand Bat,Left hand Bat,Legbreak,Top order Batter
Gujarat Titans,M Shahrukh Khan,, 'BATTING STYLE\n\nRight hand Bat', 'BATTING STYLE\n\nRight hand Bat', 'BOWLING STYLE\n\nRight arm Offbreak',, Tamil Nadu',, 'AGE\n\n30y 42d',,Right hand Bat,Right arm Offbreak,Batter
Gujarat Titans,Jos Buttler,, 'BATTING STYLE\n\nRight hand Bat', 'BATTING STYLE\n\nRight hand Bat', 'FIELDING POSITION\n\nWicketkeeper',, Somerset',, 'AGE\n\n34y 303d',,Right hand Bat,not defined,Wicketkeeper Batter
Gujarat Titans,Rashid Khan,,1,, 'PLAYING ROLE\n\nBowling Allrounder',, 'AGE\n\n26y 291d',, 'BATTING STYLE\n\nRight hand Bat', 'BATTING STYLE\n\nRight hand Bat',Right hand Bat,Legbreak Googly owling Allrounder,Bowling Allrounder
Gujarat Titans,Karim Janat,,1,, 'PLAYING ROLE\n\nBowling Allrounder',, 'AGE\n\n26y 331d',, 'BATTING STYLE\n\nRight hand Bat', 'BATTING STYLE\n\nRight hand Bat',Right hand Bat,Right arm Medium owling Allrounder,Bowling Allrounder
Gujarat Titans,Mahipal Lomror,,Left hand Bat,Left hand Bat, 'BOWLING STYLE\n\nSlow Left arm Orthodox',, Rajasthan',, 'AGE\n\n25y 234d',,Left hand Bat,Slow Left arm Orthodox,Allrounder
Gujarat Titans,Dasun Shanaka,,1,, 'PLAYING ROLE\n\nAllrounder',, 'AGE\n\n33y 302d',, 'BATTING STYLE\n\nRight hand Bat', 'BATTING STYLE\n\nRight hand Bat',Right hand Bat,Right arm Medium,Allrounder
Gujarat Titans,Nishant Sindhu,,Left hand Bat,Left hand Bat, 'BOWLING STYLE\n\nSlow Left arm Orthodox',, Haryana',, 'AGE\n\n21y 90d',,Left hand Bat,Slow Left arm Orthodox,Allrounder
Gujarat Titans,Manav Suthar,,Left hand Bat,Left hand Bat, 'BOWLING STYLE\n\nSlow Left arm Orthodox',, Rajasthan',, 'AGE\n\n22y 339d',,Left hand Bat,Slow Left arm Orthodox,Bowling Allrounder
Gujarat Titans,Rahul Tewatia,,Left hand Bat,Left hand Bat, 'BOWLING STYLE\n\nLegbreak',, Haryana',, 'AGE\n\n32y 49d',,Left hand Bat,Legbreak,Bowling Allrounder
Gujarat Titans,Washington Sundar,,Left hand Bat,Left hand Bat, 'BOWLING STYLE\n\nRight arm Offbreak',, Tamil Nadu',, 'AGE\n\n25y 276d',,Left hand Bat,Right arm Offbreak,Bowling Allrounder
Gujarat Titans,Glenn Phillips,,1,, 'BATTING STYLE\n\nRight hand Bat', 'BATTING STYLE\n\nRight hand Bat', Eastern Cape,, South Africa',,Right hand Bat,Right arm Offbreak,Allrounder
Gujarat Titans,Arshad Khan,,1,, 'PLAYING ROLE\n\nBowler'],, 'AGE\n\n27y 200d',,Left hand Bat,Left hand Bat,Left hand Bat,Left arm Fast medium ,Bowler
Gujarat Titans,Gerald Coetzee,,1,, 'EDUCATION\n\nSaint Andrews School'],, 'BATTING STYLE\n\nRight hand Bat', 'BATTING STYLE\n\nRight hand Bat', 'BOWLING STYLE\n\nRight arm Fast',,Right hand Bat,Right arm Fast,Bowler
Gujarat Titans,Gurnoor Brar,,Left hand Bat,Left hand Bat, 'BOWLING STYLE\n\nRight arm Fast',, Punjab',, 'AGE\n\n25y 44d',,Left hand Bat,Right arm Fast,Bowler
Gujarat Titans,Kulwant Khejroliya,,Left hand Bat,Left hand Bat, 'BOWLING STYLE\n\nLeft arm Medium fast',, Rajasthan',, 'AGE\n\n33y 117d',,Left hand Bat,Left arm Medium fast,Bowler
Gujarat Titans,Mohammed Siraj,,1,, 'PLAYING ROLE\n\nBowler'],, 'AGE\n\n31y 117d',, 'BATTING STYLE\n\nRight hand Bat', 'BATTING STYLE\n\nRight hand Bat',Right hand Bat,Right arm Fast ,Bowler
Gujarat Titans,Prasidh Krishna,, 'BATTING STYLE\n\nRight hand Bat', 'BATTING STYLE\n\nRight hand Bat', 'BOWLING STYLE\n\nRight arm Fast medium',, Karnataka',, 'AGE\n\n29y 139d',,Right hand Bat,Right arm Fast medium,Bowler
Gujarat Titans,Kagiso Rabada,,1,, 'PLAYING ROLE\n\nBowler'],, 'AGE\n\n30y 44d',,Left hand Bat,Left hand Bat,Left hand Bat,Right arm Fast ,Bowler
Gujarat Titans,Sai Kishore,,Left hand Bat,Left hand Bat, 'BOWLING STYLE\n\nSlow Left arm Orthodox',, Tamil Nadu',, 'AGE\n\n28y 244d',,Left hand Bat,Slow Left arm Orthodox,Bowler
Gujarat Titans,Ishant Sharma,, 'nilING STYLE\n\nRight arm Fast medium',, 'PLAYING ROLE\n\nBowler'],, 'AGE\n\n36y 309d',, 'BATTING STYLE\n\nRight hand Bat', 'BATTING STYLE\n\nRight hand Bat',Right hand Bat,Right arm Fast medium ,Bowler
Gujarat Titans,Jayant Yadav,, 'BATTING STYLE\n\nRight hand Bat', 'BATTING STYLE\n\nRight hand Bat', 'BOWLING STYLE\n\nRight arm Offbreak',, 'AGE\n\n35y 167d',, 'ALSO KNOWN AS\n\nJayant Yadav',,Right hand Bat,Right arm Offbreak,Bowler
Kolkata Knight Riders,Ajinkya Rahane,, 'BATTING STYLE\n\nRight hand Bat', 'BATTING STYLE\n\nRight hand Bat', 'BOWLING STYLE\n\nRight arm Medium',, Maharashtra',, 'AGE\n\n37y 30d',,Right hand Bat,Right arm Medium,Top order Batter
Kolkata Knight Riders,Quinton de Kock,,Left hand Bat,Left hand Bat, 'FIELDING POSITION\n\nWicketkeeper',, Gauteng',, 'AGE\n\n32y 201d',,Left hand Bat,not defined,Wicketkeeper Batter
Kolkata Knight Riders,Manish Pandey,, 'BATTING STYLE\n\nRight hand Bat', 'BATTING STYLE\n\nRight hand Bat', 'BOWLING STYLE\n\nRight arm Medium',, Uttaranchal',, 'AGE\n\n35y 299d',,Right hand Bat,Right arm Medium,Top order Batter
Kolkata Knight Riders,Angkrish Raghuvanshi,, 'nilING STYLE\n\nSlow Left arm Orthodox',, 'PLAYING ROLE\n\nTop order Batter'],, 'AGE\n\n21y 31d',, 'BATTING STYLE\n\nRight hand Bat', 'BATTING STYLE\n\nRight hand Bat',Right hand Bat,Slow Left arm Orthodox,Top order Batter
Kolkata Knight Riders,Rahmanullah Gurbaz,, 'FIELDING POSITION\n\nWicketkeeper',, 'PLAYING ROLE\n\nWicketkeeper Batter',, 'BATTING STYLE\n\nRight hand Bat', 'BATTING STYLE\n\nRight hand Bat', 'BOWLING STYLE\n\nRight arm Medium',,Right hand Bat,Right arm Medium,Wicketkeeper Batter
Kolkata Knight Riders,Ramandeep Singh,, 'nilING STYLE\n\nRight arm Medium',, 'PLAYING ROLE\n\nMiddle order Batter'],, 'AGE\n\n28y 84d',, 'BATTING STYLE\n\nRight hand Bat', 'BATTING STYLE\n\nRight hand Bat',Right hand Bat,Right arm Medium,Middle order Batter
Kolkata Knight Riders,Rinku Singh,,Left hand Bat,Left hand Bat, 'BOWLING STYLE\n\nRight arm Offbreak',, Uttar Pradesh',, 'AGE\n\n27y 267d',,Left hand Bat,Right arm Offbreak,Middle order Batter
Kolkata Knight Riders,Luvnith Sisodia,,Left hand Bat,Left hand Bat, 'BOWLING STYLE\n\nLeft arm Medium',, Karnataka',, 'AGE\n\n25y 172d',,Left hand Bat,Left arm Medium,Wicketkeeper Batter
Kolkata Knight Riders,Rovman Powell,, 'nilING STYLE\n\nRight arm Medium fast',, 'PLAYING ROLE\n\nMiddle order Batter'],, 'AGE\n\n31y 348d',, 'BATTING STYLE\n\nRight hand Bat', 'BATTING STYLE\n\nRight hand Bat',Right hand Bat,Right arm Medium fast,Middle order Batter
Kolkata Knight Riders,Venkatesh Iyer,, 'ALSO KNOWN AS\n\nVenkatesh Iyer',,Left hand Bat,Left hand Bat, Madhya Pradesh',, 'AGE\n\n30y 193d',,Left hand Bat,Right arm Medium,Allrounder
Kolkata Knight Riders,Sunil Narine,,Left hand Bat,Left hand Bat, 'BOWLING STYLE\n\nRight arm Offbreak',, Trinidad & Tobago',, 'AGE\n\n37y 41d',,Left hand Bat,Right arm Offbreak,Bowling Allrounder
Kolkata Knight Riders,Anukul Roy,,Left hand Bat,Left hand Bat, 'BOWLING STYLE\n\nSlow Left arm Orthodox',, Jharkhand',, 'AGE\n\n26y 218d',,Left hand Bat,Slow Left arm Orthodox,Allrounder
Kolkata Knight Riders,Andre Russell,, 'nilING STYLE\n\nRight arm Fast',, 'PLAYING ROLE\n\nAllrounder'],, 'AGE\n\n37y 68d',, 'BATTING STYLE\n\nRight hand Bat', 'BATTING STYLE\n\nRight hand Bat',Right hand Bat,Right arm Fast,Allrounder
Kolkata Knight Riders,Moeen Ali,,Left hand Bat,Left hand Bat, 'BOWLING STYLE\n\nRight arm Offbreak',, 'AGE\n\n38y 18d',, 'NICKNAMES\n\nMoe',,Left hand Bat,Right arm Offbreak,Batting Allrounder
Kolkata Knight Riders,Vaibhav Arora,, 'PLAYING ROLE\n\nniler'],,,, 'BATTING STYLE\n\nRight hand Bat', 'BATTING STYLE\n\nRight hand Bat', 'BOWLING STYLE\n\nRight arm Fast medium',,Right hand Bat,Right arm Fast medium,Bowler
Kolkata Knight Riders,Harshit Rana,, 'nilING STYLE\n\nRight arm Fast',, 'PLAYING ROLE\n\nBowler'],, 'AGE\n\n23y 196d',, 'BATTING STYLE\n\nRight hand Bat', 'BATTING STYLE\n\nRight hand Bat',Right hand Bat,Right arm Fast ,Bowler
Kolkata Knight Riders,Spencer Johnson,,Left hand Bat,Left hand Bat, 'BOWLING STYLE\n\nLeft arm Fast',, South Australia',, 'AGE\n\n29y 202d',,Left hand Bat,Left arm Fast,Bowler
Kolkata Knight Riders,Mayank Markande,, 'BATTING STYLE\n\nRight hand Bat', 'BATTING STYLE\n\nRight hand Bat', 'BOWLING STYLE\n\nLegbreak',, Punjab',, 'AGE\n\n27y 237d',,Right hand Bat,Legbreak,Bowler
Kolkata Knight Riders,Anrich Nortje,, 'PLAYING ROLE\n\nniler'],,,, 'BATTING STYLE\n\nRight hand Bat', 'BATTING STYLE\n\nRight hand Bat', 'BOWLING STYLE\n\nRight arm Fast',,Right hand Bat,Right arm Fast,Bowler
Kolkata Knight Riders,Chetan Sakariya,, 'nilING STYLE\n\nLeft arm Medium fast',, 'PLAYING ROLE\n\nBowler'],, 'AGE\n\n27y 128d',,Left hand Bat,Left hand Bat,Left hand Bat,Left arm Medium fast ,Bowler
Kolkata Knight Riders,Varun Chakravarthy,, 'BATTING STYLE\n\nRight hand Bat', 'BATTING STYLE\n\nRight hand Bat', 'BOWLING STYLE\n\nLegbreak Googly',, Karnataka',, 'AGE\n\n33y 311d',,Right hand Bat,Legbreak Googly,Bowler
Kolkata Knight Riders,Umran Malik,, 'BATTING STYLE\n\nRight hand Bat', 'BATTING STYLE\n\nRight hand Bat', 'BOWLING STYLE\n\nRight arm Fast',, Jammu & Kashmir',, 'AGE\n\n25y 226d',,Right hand Bat,Right arm Fast,Bowler
Kolkata Knight Riders,Shivam Shukla,, 'nilING STYLE\n\nLegbreak'],,,, 'AGE\n\n29y 207d',, 'BATTING STYLE\n\nRight hand Bat', 'BATTING STYLE\n\nRight hand Bat',Right hand Bat,Legbreak,Bowler
Lucknow Super Giants,Rishabh Pant,,Left hand Bat,Left hand Bat, 'FIELDING POSITION\n\nWicketkeeper',, Uttarakhand',, 'AGE\n\n27y 277d',,Left hand Bat,not defined,Wicketkeeper Batter
Lucknow Super Giants,Abdul Samad,, 'BATTING STYLE\n\nRight hand Bat', 'BATTING STYLE\n\nRight hand Bat', 'BOWLING STYLE\n\nLegbreak',, Jammu & Kashmir',, 'AGE\n\n23y 253d',,Right hand Bat,Legbreak,Batter
Lucknow Super Giants,Ayush Badoni,, 'nilING STYLE\n\nRight arm Offbreak',, 'PLAYING ROLE\n\nBatter'],, 'AGE\n\n25y 217d',, 'BATTING STYLE\n\nRight hand Bat', 'BATTING STYLE\n\nRight hand Bat',Right hand Bat,Right arm Offbreak,Batter
Lucknow Super Giants,Matthew Breetzke,, 'PLAYING ROLE\n\nBatter',, 'EDUCATION\n\nGrey High School'],, 'BATTING STYLE\n\nRight hand Bat', 'BATTING STYLE\n\nRight hand Bat', 'FIELDING POSITION\n\nWicketkeeper',,Right hand Bat,not defined,Batter
Lucknow Super Giants,Himmat Singh,, 'nilING STYLE\n\nRight arm Offbreak',, 'PLAYING ROLE\n\nBatter'],, 'AGE\n\n28y 242d',, 'BATTING STYLE\n\nRight hand Bat', 'BATTING STYLE\n\nRight hand Bat',Right hand Bat,Right arm Offbreak,Batter
Lucknow Super Giants,Aryan Juyal,, 'BATTING STYLE\n\nRight hand Bat', 'BATTING STYLE\n\nRight hand Bat', 'FIELDING POSITION\n\nWicketkeeper',, Uttar Pradesh',, 'AGE\n\n23y 239d',,Right hand Bat,not defined,Wicketkeeper Batter
Lucknow Super Giants,David Miller,,Left hand Bat,Left hand Bat, 'BOWLING STYLE\n\nRight arm Offbreak',, Natal',, 'AGE\n\n36y 28d',,Left hand Bat,Right arm Offbreak,Middle order Batter
Lucknow Super Giants,Nicholas Pooran,, 'nilING STYLE\n\nRight arm Offbreak',, 'FIELDING POSITION\n\nWicketkeeper',, 'AGE\n\n29y 279d',,Left hand Bat,Left hand Bat,Left hand Bat,Right arm Offbreak,Wicketkeeper Batter
Lucknow Super Giants,Yuvraj Chaudhary,, 'nilING STYLE\n\nSlow Left arm Orthodox',, 'PLAYING ROLE\n\nBatting Allrounder'],, 'AGE\n\n23y 275d',,Left hand Bat,Left hand Bat,Left hand Bat,Slow Left arm Orthodox,Batting Allrounder
Lucknow Super Giants,Rajvardhan Hangargekar,, 'BATTING STYLE\n\nRight hand Bat', 'BATTING STYLE\n\nRight hand Bat', 'BOWLING STYLE\n\nRight arm Fast medium',, Maharashtra',, 'AGE\n\n22y 240d',,Right hand Bat,Right arm Fast medium,Bowling Allrounder
Lucknow Super Giants,Arshin Kulkarni,, 'BATTING STYLE\n\nRight hand Bat', 'BATTING STYLE\n\nRight hand Bat', 'BOWLING STYLE\n\nRight arm Medium',, Maharashtra',, 'AGE\n\n20y 143d',,Right hand Bat,Right arm Medium,Allrounder
Lucknow Super Giants,Aiden Markram,, 'nilING STYLE\n\nRight arm Offbreak',, 'PLAYING ROLE\n\nAllrounder'],, 'AGE\n\n30y 277d',, 'BATTING STYLE\n\nRight hand Bat', 'BATTING STYLE\n\nRight hand Bat',Right hand Bat,Right arm Offbreak,Allrounder
Lucknow Super Giants,Mitchell Marsh,, 'BATTING STYLE\n\nRight hand Bat', 'BATTING STYLE\n\nRight hand Bat', 'BOWLING STYLE\n\nRight arm Medium',, Perth',, 'AGE\n\n33y 261d',,Right hand Bat,Right arm Medium,Allrounder
Lucknow Super Giants,Shahbaz Ahmed,,Left hand Bat,Left hand Bat, 'BOWLING STYLE\n\nSlow Left arm Orthodox',, Haryana',, 'AGE\n\n30y 209d',,Left hand Bat,Slow Left arm Orthodox,Allrounder
Lucknow Super Giants,Akash Deep,, 'AGE\n\n28y 205d',, 'BATTING STYLE\n\nRight hand Bat', 'BATTING STYLE\n\nRight hand Bat', (Rotas),, Bihar',,Right hand Bat,Right arm Fast medium ,Bowler
Lucknow Super Giants,Akash Singh,, 'BATTING STYLE\n\nRight hand Bat', 'BATTING STYLE\n\nRight hand Bat', 'BOWLING STYLE\n\nLeft arm Medium fast',, Rajasthan',, 'AGE\n\n23y 73d',,Right hand Bat,Left arm Medium fast,Bowler
Lucknow Super Giants,Avesh Khan,, 'ALSO KNOWN AS\n\nAvesh Khan',, 'BATTING STYLE\n\nRight hand Bat', 'BATTING STYLE\n\nRight hand Bat', Madhya Pradesh',, 'AGE\n\n28y 207d',,Right hand Bat,Right arm Fast medium ,Bowler
Lucknow Super Giants,Will O’Rourke,, 'BATTING STYLE\n\nRight hand Bat', 'BATTING STYLE\n\nRight hand Bat', 'BOWLING STYLE\n\nRight arm Fast',, Surrey',, 'AGE\n\n23y 336d',,Right hand Bat,Right arm Fast,Bowler
Lucknow Super Giants,Prince Yadav,, 'PLAYING ROLE\n\nniler'],,,, 'BATTING STYLE\n\nRight hand Bat', 'BATTING STYLE\n\nRight hand Bat', 'BOWLING STYLE\n\nRight arm Fast',,Right hand Bat,Right arm Fast,Bowler
Lucknow Super Giants,Digvesh Rathi,, 'nilING STYLE\n\nLegbreak',, 'PLAYING ROLE\n\nBowler'],, 'AGE\n\n25y 205d',, 'BATTING STYLE\n\nRight hand Bat', 'BATTING STYLE\n\nRight hand Bat',Right hand Bat,Legbreak ,Bowler
Lucknow Super Giants,Ravi Bishnoi,, 'BATTING STYLE\n\nRight hand Bat', 'BATTING STYLE\n\nRight hand Bat', 'BOWLING STYLE\n\nLegbreak Googly',, Rajasthan',, 'AGE\n\n24y 306d',,Right hand Bat,Legbreak Googly,Bowler
Lucknow Super Giants,Manimaran Siddharth,, 'PLAYING ROLE\n\nniler'],,,, 'BATTING STYLE\n\nRight hand Bat', 'BATTING STYLE\n\nRight hand Bat', 'BOWLING STYLE\n\nSlow Left arm Orthodox',,Right hand Bat,Slow Left arm Orthodox,Bowler
Lucknow Super Giants,Shardul Thakur,, 'BATTING STYLE\n\nRight hand Bat', 'BATTING STYLE\n\nRight hand Bat', 'BOWLING STYLE\n\nRight arm Medium',, Maharashtra',, 'AGE\n\n33y 265d',,Right hand Bat,Right arm Medium,Bowler
Lucknow Super Giants,Shamar Joseph,, 'PLAYING ROLE\n\nniler'],,,,Left hand Bat,Left hand Bat, 'BOWLING STYLE\n\nRight arm Fast',,Left hand Bat,Right arm Fast,Bowler
Lucknow Super Giants,Mohsin Khan,,Left hand Bat,Left hand Bat, 'BOWLING STYLE\n\nLeft arm Medium fast',, Uttar Pradesh',, 'AGE\n\n26y 358d',,Left hand Bat,Left arm Medium fast,Bowler
Lucknow Super Giants,Mayank Yadav,, 'nilING STYLE\n\nRight arm Fast',, 'PLAYING ROLE\n\nBowler'],, 'AGE\n\n23y 21d',, 'BATTING STYLE\n\nRight hand Bat', 'BATTING STYLE\n\nRight hand Bat',Right hand Bat,Right arm Fast ,Bowler
Mumbai Indians,Jonny Bairstow,, 'NICKNAMES\n\nBluey',, 'BATTING STYLE\n\nRight hand Bat', 'BATTING STYLE\n\nRight hand Bat', Yorkshire',, 'AGE\n\n35y 285d',,Right hand Bat,Right arm Medium,Wicketkeeper Batter
Mumbai Indians,Bevon Jacobs,, 'BATTING STYLE\n\nRight hand Bat', 'BATTING STYLE\n\nRight hand Bat', 'BOWLING STYLE\n\nRight arm Medium',, Gauteng',, 'AGE\n\n23y 63d',,Right hand Bat,Right arm Medium,Middle order Batter
Mumbai Indians,Robin Minz,, 'FIELDING POSITION\n\nWicketkeeper',, 'PLAYING ROLE\n\nWicketkeeper'],,Left hand Bat,Left hand Bat, 'BOWLING STYLE\n\nSlow Left arm Orthodox',,Left hand Bat,Slow Left arm Orthodox,Wicketkeeper
Mumbai Indians,Naman Dhir,, 'BATTING STYLE\n\nRight hand Bat', 'BATTING STYLE\n\nRight hand Bat', 'BOWLING STYLE\n\nRight arm Offbreak',, Haryana',, 'AGE\n\n25y 189d',,Right hand Bat,Right arm Offbreak,Top order Batter
Mumbai Indians,Rohit Sharma,, 'AGE\n\n38y 69d',, 'BATTING STYLE\n\nRight hand Bat', 'BATTING STYLE\n\nRight hand Bat', Nagpur,, Maharashtra',,Right hand Bat,Right arm Offbreak,Top order Batter
Mumbai Indians,Krishnan Shrijith,,Left hand Bat,Left hand Bat, 'BOWLING STYLE\n\nRight arm Offbreak',, Karnataka',, 'AGE\n\n28y 330d',,Left hand Bat,Right arm Offbreak,Wicketkeeper Batter
Mumbai Indians,Suryakumar Yadav,, 'BATTING STYLE\n\nRight hand Bat', 'BATTING STYLE\n\nRight hand Bat', 'BOWLING STYLE\n\nRight arm Medium,, Maharashtra',, 'AGE\n\n34y 297d',,Right hand Bat,Right arm Medium,Batter
Mumbai Indians,Ryan Rickelton,, 'AGE\n\n28y 362d',,Left hand Bat,Left hand Bat, Transvaal,, South Africa',,Left hand Bat,not defined,Wicketkeeper Batter
Mumbai Indians,Hardik Pandya,, 'BATTING STYLE\n\nRight hand Bat', 'BATTING STYLE\n\nRight hand Bat', 'BOWLING STYLE\n\nRight arm Medium fast',, Gujarat',, 'AGE\n\n31y 270d',,Right hand Bat,Right arm Medium fast,Allrounder
Mumbai Indians,Charith Asalanka,, 'nilING STYLE\n\nRight arm Offbreak',, 'PLAYING ROLE\n\nBatting Allrounder',, 'AGE\n\n28y 9d',,Left hand Bat,Left hand Bat,Left hand Bat,Right arm Offbreak,Batting Allrounder
Mumbai Indians,Raj Bawa,,Left hand Bat,Left hand Bat, 'BOWLING STYLE\n\nRight arm Medium fast',, Himachal Pradesh',, 'AGE\n\n22y 238d',,Left hand Bat,Right arm Medium fast,Allrounder
Mumbai Indians,Mitchell Santner,, 'nilING STYLE\n\nSlow Left arm Orthodox',, 'PLAYING ROLE\n\nBowling Allrounder',, 'AGE\n\n33y 153d',,Left hand Bat,Left hand Bat,Left hand Bat,Slow Left arm Orthodox ,Bowling Allrounder
Mumbai Indians,Tilak Varma,,Left hand Bat,Left hand Bat, 'BOWLING STYLE\n\nRight arm Offbreak',, Andhra Pradesh',, 'AGE\n\n22y 242d',,Left hand Bat,Right arm Offbreak,Batting Allrounder
Mumbai Indians,Corbin Bosch,, 'nilING STYLE\n\nRight arm Fast medium',, 'PLAYING ROLE\n\nAllrounder',, 'AGE\n\n30y 301d',, 'BATTING STYLE\n\nRight hand Bat', 'BATTING STYLE\n\nRight hand Bat',Right hand Bat,Right arm Fast medium,Allrounder
Mumbai Indians,Will Jacks,, 'BATTING STYLE\n\nRight hand Bat', 'BATTING STYLE\n\nRight hand Bat', 'BOWLING STYLE\n\nRight arm Offbreak',, Surrey',, 'AGE\n\n26y 229d',,Right hand Bat,Right arm Offbreak,Batting Allrounder
Mumbai Indians,Ashwani Kumar,, 'AGE\n\n23y 313d',,Left hand Bat,Left hand Bat,,, Mohali',,Left hand Bat,Left arm Medium ,Bowler
Mumbai Indians,Trent Boult,, 'nilING STYLE\n\nLeft arm Fast medium',, 'PLAYING ROLE\n\nBowler',, 'AGE\n\n35y 351d',, 'BATTING STYLE\n\nRight hand Bat', 'BATTING STYLE\n\nRight hand Bat',Right hand Bat,Left arm Fast medium ,Bowler
Mumbai Indians,Jasprit Bumrah,, 'nilING STYLE\n\nRight arm Fast',, 'PLAYING ROLE\n\nBowler'],, 'AGE\n\n31y 214d',, 'BATTING STYLE\n\nRight hand Bat', 'BATTING STYLE\n\nRight hand Bat',Right hand Bat,Right arm Fast ,Bowler
Mumbai Indians,Deepak Chahar,, 'ALSO KNOWN AS\n\nDeepak Chahar',, 'BATTING STYLE\n\nRight hand Bat', 'BATTING STYLE\n\nRight hand Bat', Uttar Pradesh',, 'AGE\n\n32y 335d',,Right hand Bat,Right arm Medium ,Bowler
Mumbai Indians,Richard Gleeson,, 'BATTING STYLE\n\nRight hand Bat', 'BATTING STYLE\n\nRight hand Bat', 'BOWLING STYLE\n\nRight arm Fast medium',, Lancashire',, 'AGE\n\n37y 218d',,Right hand Bat,Right arm Fast medium,Bowler
Mumbai Indians,Mujeeb Ur Rahman,, 'BATTING STYLE\n\nRight hand Bat', 'BATTING STYLE\n\nRight hand Bat', 'BOWLING STYLE\n\nRight arm Offbreak',, 'AGE\n\n24y 102d',, 'ALSO KNOWN AS\n\nMujeeb Zadran',,Right hand Bat,Right arm Offbreak,Bowler
Mumbai Indians,Satyanarayana Raju,, 'PLAYING ROLE\n\nniler',, 'RELATIONS\n\nPP Raju\n\n(brother)'],, 'BATTING STYLE\n\nRight hand Bat', 'BATTING STYLE\n\nRight hand Bat', 'BOWLING STYLE\n\nRight arm Medium fast',,Right hand Bat,Right arm Medium fast,Bowler
Mumbai Indians,Karn Sharma,,Left hand Bat,Left hand Bat, 'BOWLING STYLE\n\nLegbreak Googly',, Uttar Pradesh',, 'AGE\n\n37y 258d',,Left hand Bat,Legbreak Googly,Bowler
Mumbai Indians,Raghu Sharma,, 'BATTING STYLE\n\nRight hand Bat', 'BATTING STYLE\n\nRight hand Bat', 'BOWLING STYLE\n\nLegbreak',, Punjab',, 'AGE\n\n32y 119d',,Right hand Bat,Legbreak,Bowler
Mumbai Indians,Arjun Tendulkar,, 'nilING STYLE\n\nLeft arm Medium fast',, 'PLAYING ROLE\n\nBowler',, 'AGE\n\n25y 287d',,Left hand Bat,Left hand Bat,Left hand Bat,Left arm Medium fast ,Bowler
Mumbai Indians,Reece Topley,, 'BATTING STYLE\n\nRight hand Bat', 'BATTING STYLE\n\nRight hand Bat', 'BOWLING STYLE\n\nLeft arm Fast medium',, Suffolk',, 'AGE\n\n31y 137d',,Right hand Bat,Left arm Fast medium,Bowler
Mumbai Indians,AM Ghazanfar,, 'nilING STYLE\n\nRight arm Offbreak',, 'PLAYING ROLE\n\nBowler'],, 'AGE\n\n19y 110d',, 'BATTING STYLE\n\nRight hand Bat', 'BATTING STYLE\n\nRight hand Bat',Right hand Bat,Right arm Offbreak ,Bowler
Mumbai Indians,Vignesh Puthur,, 'PLAYING ROLE\n\nniler'],,,, 'BATTING STYLE\n\nRight hand Bat', 'BATTING STYLE\n\nRight hand Bat', 'BOWLING STYLE\n\nLeft arm Wrist spin',,Right hand Bat,Left arm Wrist spin,Bowler
Mumbai Indians,Lizaad Williams,, 'nilING STYLE\n\nRight arm Medium fast',, 'PLAYING ROLE\n\nBowler'],, 'AGE\n\n31y 280d',,Left hand Bat,Left hand Bat,Left hand Bat,Right arm Medium fast ,Bowler
Punjab Kings,Shreyas Iyer,, 'nilING STYLE\n\nRight arm Offbreak,, Legbreak Googly',, 'AGE\n\n30y 212d',, 'BATTING STYLE\n\nRight hand Bat', 'BATTING STYLE\n\nRight hand Bat',Right hand Bat,Right arm Offbreak,Top order Batter
Punjab Kings,Arshdeep Singh,,Left hand Bat,Left hand Bat, 'BOWLING STYLE\n\nLeft arm Medium fast',, Madhya Pradesh',, 'AGE\n\n26y 151d',,Left hand Bat,Left arm Medium fast,Bowler
Punjab Kings,Priyansh Arya,, 'PLAYING ROLE\n\nOpening Batter'],,,,Left hand Bat,Left hand Bat, 'BOWLING STYLE\n\nRight arm Offbreak',,Left hand Bat,Right arm Offbreak,Opening Batter
Punjab Kings,Pyla Avinash,, 'PLAYING ROLE\n\nBatter'],,,, 'BATTING STYLE\n\nRight hand Bat', 'BATTING STYLE\n\nRight hand Bat', 'BOWLING STYLE\n\nRight arm Medium fast',,Right hand Bat,Right arm Medium fast,Batter
Punjab Kings,Azmatullah Omarzai,, 'PLAYING ROLE\n\nAllrounder'],,,, 'BATTING STYLE\n\nRight hand Bat', 'BATTING STYLE\n\nRight hand Bat', 'BOWLING STYLE\n\nRight arm Medium fast',,Right hand Bat,Right arm Medium fast,Allrounder
Punjab Kings,Xavier Bartlett,, 'BATTING STYLE\n\nRight hand Bat', 'BATTING STYLE\n\nRight hand Bat', 'BOWLING STYLE\n\nRight arm Fast medium',, South Australia',, 'AGE\n\n26y 201d',,Right hand Bat,Right arm Fast medium,Bowler
Punjab Kings,Yuzvendra Chahal,, 'BATTING STYLE\n\nRight hand Bat', 'BATTING STYLE\n\nRight hand Bat', 'BOWLING STYLE\n\nLegbreak Googly',, Haryana',, 'AGE\n\n34y 348d',,Right hand Bat,Legbreak Googly,Bowler
Punjab Kings,Praveen Dubey,, 'BATTING STYLE\n\nRight hand Bat', 'BATTING STYLE\n\nRight hand Bat', 'BOWLING STYLE\n\nLegbreak Googly',, Uttar Pradesh',, 'AGE\n\n32y 5d',,Right hand Bat,Legbreak Googly,Bowler
Punjab Kings,Lockie Ferguson,, 'BATTING STYLE\n\nRight hand Bat', 'BATTING STYLE\n\nRight hand Bat', 'BOWLING STYLE\n\nRight arm Fast',, 'AGE\n\n34y 23d',, 'NICKNAMES\n\nLockie',,Right hand Bat,Right arm Fast,Bowler
Punjab Kings,Aaron Hardie,, 'BATTING STYLE\n\nRight hand Bat', 'BATTING STYLE\n\nRight hand Bat', 'BOWLING STYLE\n\nRight arm Medium fast',, Dorset',, 'AGE\n\n26y 180d',,Right hand Bat,Right arm Medium fast,Allrounder
Punjab Kings,Harnoor Singh,,Left hand Bat,Left hand Bat, 'BOWLING STYLE\n\nLegbreak',, Punjab',, 'AGE\n\n22y 157d',,Left hand Bat,Legbreak,Batter
Punjab Kings,Harpreet Brar,,Left hand Bat,Left hand Bat, 'BOWLING STYLE\n\nSlow Left arm Orthodox',, Uttar Pradesh',, 'AGE\n\n29y 293d',,Left hand Bat,Slow Left arm Orthodox,Bowler
Punjab Kings,Josh Inglis,, 'AGE\n\n30y 124d',, 'BATTING STYLE\n\nRight hand Bat', 'BATTING STYLE\n\nRight hand Bat', Yorkshire,, England',,Right hand Bat,not defined,Wicketkeeper Batter
Punjab Kings,Kyle Jamieson,, 'nilING STYLE\n\nRight arm Fast medium',, 'PLAYING ROLE\n\nBowler'],, 'AGE\n\n30y 188d',, 'BATTING STYLE\n\nRight hand Bat', 'BATTING STYLE\n\nRight hand Bat',Right hand Bat,Right arm Fast medium ,Bowler
Punjab Kings,Marco Jansen,, 'PLAYING ROLE\n\nniling Allrounder',, 'EDUCATION\n\nLaerskool Goudkop',, 'BATTING STYLE\n\nRight hand Bat', 'BATTING STYLE\n\nRight hand Bat', 'BOWLING STYLE\n\nLeft arm Fast',,Right hand Bat,Left arm Fast,Bowling Allrounder
Punjab Kings,Glenn Maxwell,, 'AGE\n\n36y 265d',, 'BATTING STYLE\n\nRight hand Bat', 'BATTING STYLE\n\nRight hand Bat', Melbourne,, Victoria',,Right hand Bat,Right arm Offbreak,Batting Allrounder
Punjab Kings,Musheer Khan,, 'nilING STYLE\n\nSlow Left arm Orthodox',, 'PLAYING ROLE\n\nAllrounder',, 'AGE\n\n20y 129d',, 'BATTING STYLE\n\nRight hand Bat', 'BATTING STYLE\n\nRight hand Bat',Right hand Bat,Slow Left arm Orthodox,Allrounder
Punjab Kings,Mitchell Owen,, 'PLAYING ROLE\n\nMiddle order Batter'],,,, 'BATTING STYLE\n\nRight hand Bat', 'BATTING STYLE\n\nRight hand Bat', 'BOWLING STYLE\n\nRight arm Medium',,Right hand Bat,Right arm Medium,Middle order Batter
Punjab Kings,Prabhsimran Singh,, 'PLAYING ROLE\n\nWicketkeeper Batter'],,,, 'BATTING STYLE\n\nRight hand Bat', 'BATTING STYLE\n\nRight hand Bat', 'FIELDING POSITION\n\nWicketkeeper',,Right hand Bat,not defined,Wicketkeeper Batter
Punjab Kings,Kuldeep Sen,, 'BATTING STYLE\n\nRight hand Bat', 'BATTING STYLE\n\nRight hand Bat', 'BOWLING STYLE\n\nRight arm Fast',, Madhya Pradesh',, 'AGE\n\n28y 257d',,Right hand Bat,Right arm Fast,Bowler
Punjab Kings,Shashank Singh,, Right arm Offbreak',, 'PLAYING ROLE\n\nBatting Allrounder'],, 'BATTING STYLE\n\nRight hand Bat', 'BATTING STYLE\n\nRight hand Bat', 'BOWLING STYLE\n\nRight arm Medium,,Right hand Bat,Right arm Medium,Batting Allrounder
Punjab Kings,Marcus Stoinis,, 'nilING STYLE\n\nRight arm Medium',, 'PLAYING ROLE\n\nBatting Allrounder'],, 'AGE\n\n35y 324d',, 'BATTING STYLE\n\nRight hand Bat', 'BATTING STYLE\n\nRight hand Bat',Right hand Bat,Right arm Medium,Batting Allrounder
Punjab Kings,Suryansh Shedge,, 'PLAYING ROLE\n\nBatting Allrounder'],,,, 'BATTING STYLE\n\nRight hand Bat', 'BATTING STYLE\n\nRight hand Bat', 'BOWLING STYLE\n\nRight arm Medium fast',,Right hand Bat,Right arm Medium fast,Batting Allrounder
Punjab Kings,Vishnu Vinod,, 'BATTING STYLE\n\nRight hand Bat', 'BATTING STYLE\n\nRight hand Bat', 'FIELDING POSITION\n\nWicketkeeper',, Kerala',, 'AGE\n\n31y 216d',,Right hand Bat,not defined,Wicketkeeper Batter
Punjab Kings,Vijaykumar Vyshak,, 'BATTING STYLE\n\nRight hand Bat', 'BATTING STYLE\n\nRight hand Bat', 'BOWLING STYLE\n\nRight arm Medium',, Karnataka',, 'AGE\n\n28y 156d',,Right hand Bat,Right arm Medium,Bowler
Punjab Kings,Nehal Wadhera,,Left hand Bat,Left hand Bat, 'BOWLING STYLE\n\nLegbreak',, Punjab',, 'AGE\n\n24y 305d',,Left hand Bat,Legbreak,Top order Batter
Punjab Kings,Yash Thakur,, 'nilING STYLE\n\nRight arm Fast medium',, 'PLAYING ROLE\n\nBowler'],, 'AGE\n\n26y 190d',, 'BATTING STYLE\n\nRight hand Bat', 'BATTING STYLE\n\nRight hand Bat',Right hand Bat,Right arm Fast medium ,Bowler
Rajasthan Royals,Sanju Samson,, 'AGE\n\n30y 237d',, 'BATTING STYLE\n\nRight hand Bat', 'BATTING STYLE\n\nRight hand Bat', Vizhinjam,, Trivandrum',,Right hand Bat,not defined,Wicketkeeper Batter
Rajasthan Royals,Jofra Archer,, 'BATTING STYLE\n\nRight hand Bat', 'BATTING STYLE\n\nRight hand Bat', 'BOWLING STYLE\n\nRight arm Fast',, Barbados',, 'AGE\n\n30y 96d',,Right hand Bat,Right arm Fast,Bowler
Rajasthan Royals,Ashok Sharma,, 'PLAYING ROLE\n\nniler'],,,, 'BATTING STYLE\n\nRight hand Bat', 'BATTING STYLE\n\nRight hand Bat', 'BOWLING STYLE\n\nRight arm Medium',,Right hand Bat,Right arm Medium,Bowler
Rajasthan Royals,Nandre Burger,, 'nilING STYLE\n\nLeft arm Fast medium',, 'PLAYING ROLE\n\nBowler'],, 'AGE\n\n29y 329d',,Left hand Bat,Left hand Bat,Left hand Bat,Left arm Fast medium ,Bowler
Rajasthan Royals,Tushar Deshpande,, 'nilING STYLE\n\nRight arm Medium',, 'PLAYING ROLE\n\nBowler'],, 'AGE\n\n30y 52d',,Left hand Bat,Left hand Bat,Left hand Bat,Right arm Medium ,Bowler
Rajasthan Royals,Shubham Dubey,, 'nilING STYLE\n\nRight arm Offbreak',, 'PLAYING ROLE\n\nMiddle order Batter'],, 'AGE\n\n30y 313d',,Left hand Bat,Left hand Bat,Left hand Bat,Right arm Offbreak,Middle order Batter
Rajasthan Royals,Fazalhaq Farooqi,, 'nilING STYLE\n\nLeft arm Fast medium',, 'PLAYING ROLE\n\nBowler'],, 'AGE\n\n24y 287d',, 'BATTING STYLE\n\nRight hand Bat', 'BATTING STYLE\n\nRight hand Bat',Right hand Bat,Left arm Fast medium ,Bowler
Rajasthan Royals,Wanindu Hasaranga,, 'nilING STYLE\n\nLegbreak',, 'PLAYING ROLE\n\nAllrounder',, 'AGE\n\n27y 342d',, 'BATTING STYLE\n\nRight hand Bat', 'BATTING STYLE\n\nRight hand Bat',Right hand Bat,Legbreak,Allrounder
Rajasthan Royals,Shimron Hetmyer,, 'AGE\n\n28y 192d',,Left hand Bat,Left hand Bat, Berbice,, Guyana',,Left hand Bat,not defined,Middle order Batter
Rajasthan Royals,Yashasvi Jaiswal,, 'AGE\n\n23y 190d',,Left hand Bat,Left hand Bat, Bhadohi,, Uttar Pradesh',,Left hand Bat,Legbreak,Opening Batter
Rajasthan Royals,Dhruv Jurel,, 'BATTING STYLE\n\nRight hand Bat', 'BATTING STYLE\n\nRight hand Bat', 'FIELDING POSITION\n\nWicketkeeper',, Uttar Pradesh',, 'AGE\n\n24y 166d',,Right hand Bat,not defined,Wicketkeeper Batter
Rajasthan Royals,Kumar Kartikeya,, 'AGE\n\n27y 192d',, 'BATTING STYLE\n\nRight hand Bat', 'BATTING STYLE\n\nRight hand Bat', Sultanpur,, Uttar Pradesh',,Right hand Bat,Slow Left arm Orthodox ,Bowler
Rajasthan Royals,Akash Madhwal,, 'nilING STYLE\n\nRight arm Medium fast',, 'PLAYING ROLE\n\nBowler'],, 'AGE\n\n31y 223d',, 'BATTING STYLE\n\nRight hand Bat', 'BATTING STYLE\n\nRight hand Bat',Right hand Bat,Right arm Medium fast ,Bowler
Rajasthan Royals,Kwena Maphaka,,Left hand Bat,Left hand Bat, 'BOWLING STYLE\n\nLeft arm Fast',,',, 'AGE\n\n19y 89d',,Left hand Bat,Left arm Fast,Bowler
Rajasthan Royals,Riyan Parag,, 'BATTING STYLE\n\nRight hand Bat', 'BATTING STYLE\n\nRight hand Bat', 'BOWLING STYLE\n\nRight arm Offbreak,, Assam',, 'AGE\n\n23y 238d',,Right hand Bat,Right arm Offbreak,Top order Batter
Rajasthan Royals,Lhuan-dre Pretorius,, 'FIELDING POSITION\n\nWicketkeeper',, 'PLAYING ROLE\n\nWicketkeeper Batter'],, 'AGE\n\n19y 101d',,Left hand Bat,Left hand Bat,Left hand Bat,not defined,Wicketkeeper Batter
Rajasthan Royals,Nitish Rana,, 'nilING STYLE\n\nRight arm Medium,, Right arm Offbreak,, 'AGE\n\n31y 191d',,Left hand Bat,Left hand Bat,Left hand Bat,Right arm Medium,Middle order Batter
Rajasthan Royals,Kunal Singh Rathore,,Left hand Bat,Left hand Bat, 'FIELDING POSITION\n\nWicketkeeper',, Rajasthan',, 'AGE\n\n22y 270d',,Left hand Bat,not defined,Wicketkeeper Batter
Rajasthan Royals,Sandeep Sharma,, 'BATTING STYLE\n\nRight hand Bat', 'BATTING STYLE\n\nRight hand Bat', 'BOWLING STYLE\n\nRight arm Medium',, Punjab',, 'AGE\n\n32y 49d',,Right hand Bat,Right arm Medium,Bowler
Rajasthan Royals,Vaibhav Suryavanshi,, 'PLAYING ROLE\n\nBatter'],,,,Left hand Bat,Left hand Bat, 'BOWLING STYLE\n\nSlow Left arm Orthodox',,Left hand Bat,Slow Left arm Orthodox,Batter
Rajasthan Royals,Maheesh Theekshana,, 'nilING STYLE\n\nRight arm Offbreak',, 'PLAYING ROLE\n\nBowler',, 'AGE\n\n24y 339d',, 'BATTING STYLE\n\nRight hand Bat', 'BATTING STYLE\n\nRight hand Bat',Right hand Bat,Right arm Offbreak ,Bowler
Rajasthan Royals,Yudhvir Singh,, 'nilING STYLE\n\nRight arm Medium fast',, 'PLAYING ROLE\n\nBowler'],, 'AGE\n\n27y 296d',, 'BATTING STYLE\n\nRight hand Bat', 'BATTING STYLE\n\nRight hand Bat',Right hand Bat,Right arm Medium fast ,Bowler
Royal Challengers Bengaluru,Rajat Patidar,, 'BATTING STYLE\n\nRight hand Bat', 'BATTING STYLE\n\nRight hand Bat', 'BOWLING STYLE\n\nRight arm Offbreak',, Madhya Pradesh',, 'AGE\n\n32y 37d',,Right hand Bat,Right arm Offbreak,Top order Batter
Royal Challengers Bengaluru,Mayank Agarwal,, 'BATTING STYLE\n\nRight hand Bat', 'BATTING STYLE\n\nRight hand Bat', 'BOWLING STYLE\n\nRight arm Offbreak',, Karnataka',, 'AGE\n\n34y 142d',,Right hand Bat,Right arm Offbreak,Batter
Royal Challengers Bengaluru,Swastik Chikara,, 'BATTING STYLE\n\nRight hand Bat', 'BATTING STYLE\n\nRight hand Bat', 'BOWLING STYLE\n\nRight arm Offbreak',, Uttar Pradesh',, 'AGE\n\n20y 96d',,Right hand Bat,Right arm Offbreak,Batter
Royal Challengers Bengaluru,Tim David,, 'nilING STYLE\n\nRight arm Offbreak',, 'PLAYING ROLE\n\nMiddle order Batter',, 'AGE\n\n29y 114d',, 'BATTING STYLE\n\nRight hand Bat', 'BATTING STYLE\n\nRight hand Bat',Right hand Bat,Right arm Offbreak,Middle order Batter
Royal Challengers Bengaluru,Virat Kohli,, 'nilING STYLE\n\nRight arm Medium',, 'PLAYING ROLE\n\nTop order Batter'],, 'AGE\n\n36y 245d',, 'BATTING STYLE\n\nRight hand Bat', 'BATTING STYLE\n\nRight hand Bat',Right hand Bat,Right arm Medium,Top order Batter
Royal Challengers Bengaluru,Phil Salt,, 'BATTING STYLE\n\nRight hand Bat', 'BATTING STYLE\n\nRight hand Bat', 'BOWLING STYLE\n\nRight arm Offbreak',, North Wales',, 'AGE\n\n28y 314d',,Right hand Bat,Right arm Offbreak,Wicketkeeper Batter
Royal Challengers Bengaluru,Tim Seifert,, 'FIELDING POSITION\n\nWicketkeeper',, 'PLAYING ROLE\n\nWicketkeeper Batter'],, 'AGE\n\n30y 206d',, 'BATTING STYLE\n\nRight hand Bat', 'BATTING STYLE\n\nRight hand Bat',Right hand Bat,not defined,Wicketkeeper Batter
Royal Challengers Bengaluru,Jitesh Sharma,, 'BATTING STYLE\n\nRight hand Bat', 'BATTING STYLE\n\nRight hand Bat', 'FIELDING POSITION\n\nWicketkeeper',, Maharashtra',, 'AGE\n\n31y 259d',,Right hand Bat,not defined,Wicketkeeper Batter
Royal Challengers Bengaluru,Devdutt Padikkal,,Left hand Bat,Left hand Bat, 'BOWLING STYLE\n\nRight arm Offbreak',, Kerala',, 'AGE\n\n25y 1d',,Left hand Bat,Right arm Offbreak,Top order Batter
Royal Challengers Bengaluru,Manoj Bhandage,,Left hand Bat,Left hand Bat, 'BOWLING STYLE\n\nRight arm Medium fast',, Karnataka',, 'AGE\n\n26y 276d',,Left hand Bat,Right arm Medium fast,Allrounder
Royal Challengers Bengaluru,Liam Livingstone,, 'BATTING STYLE\n\nRight hand Bat', 'BATTING STYLE\n\nRight hand Bat', 'BOWLING STYLE\n\nRight arm Offbreak,, Cumberland',, 'AGE\n\n31y 338d',,Right hand Bat,Right arm Offbreak,Batting Allrounder
Royal Challengers Bengaluru,Mohit Rathee,, 'BATTING STYLE\n\nRight hand Bat', 'BATTING STYLE\n\nRight hand Bat', 'BOWLING STYLE\n\nLegbreak',, Haryana',, 'AGE\n\n26y 176d',,Right hand Bat,Legbreak,Allrounder
Royal Challengers Bengaluru,Krunal Pandya,,Left hand Bat,Left hand Bat, 'BOWLING STYLE\n\nSlow Left arm Orthodox',, Gujarat',, 'AGE\n\n34y 106d',,Left hand Bat,Slow Left arm Orthodox,Allrounder
Royal Challengers Bengaluru,Romario Shepherd,, 'nilING STYLE\n\nRight arm Fast medium',, 'PLAYING ROLE\n\nBowling Allrounder'],, 'AGE\n\n30y 224d',, 'BATTING STYLE\n\nRight hand Bat', 'BATTING STYLE\n\nRight hand Bat',Right hand Bat,Right arm Fast medium ,Bowling Allrounder
Royal Challengers Bengaluru,Jacob Bethell,, 'nilING STYLE\n\nSlow Left arm Orthodox',, 'PLAYING ROLE\n\nBatting Allrounder',, 'AGE\n\n21y 258d',,Left hand Bat,Left hand Bat,Left hand Bat,Slow Left arm Orthodox,Batting Allrounder
Royal Challengers Bengaluru,Abhinandan Singh,, 'PLAYING ROLE\n\nniler'],,,, 'BATTING STYLE\n\nRight hand Bat', 'BATTING STYLE\n\nRight hand Bat', 'BOWLING STYLE\n\nRight arm Medium fast',,Right hand Bat,Right arm Medium fast,Bowler
Royal Challengers Bengaluru,Josh Hazlewood,,Left hand Bat,Left hand Bat, 'BOWLING STYLE\n\nRight arm Fast medium',, New South Wales',, 'AGE\n\n34y 181d',,Left hand Bat,Right arm Fast medium,Bowler
Royal Challengers Bengaluru,Bhuvneshwar Kumar,, 'BATTING STYLE\n\nRight hand Bat', 'BATTING STYLE\n\nRight hand Bat', 'BOWLING STYLE\n\nRight arm Medium',, Uttar Pradesh',, 'AGE\n\n35y 153d',,Right hand Bat,Right arm Medium,Bowler
Royal Challengers Bengaluru,Blessing Muzarabani,, 'nilING STYLE\n\nRight arm Fast medium',, 'PLAYING ROLE\n\nBowler'],, 'AGE\n\n28y 279d',, 'BATTING STYLE\n\nRight hand Bat', 'BATTING STYLE\n\nRight hand Bat',Right hand Bat,Right arm Fast medium ,Bowler
Royal Challengers Bengaluru,Rasikh Salam,, 'PLAYING ROLE\n\nniler'],,,, 'BATTING STYLE\n\nRight hand Bat', 'BATTING STYLE\n\nRight hand Bat', 'BOWLING STYLE\n\nRight arm Medium',,Right hand Bat,Right arm Medium,Bowler
Royal Challengers Bengaluru,Suyash Sharma,, 'PLAYING ROLE\n\nniler'],,,, 'BATTING STYLE\n\nRight hand Bat', 'BATTING STYLE\n\nRight hand Bat', 'BOWLING STYLE\n\nLegbreak Googly',,Right hand Bat,Legbreak Googly,Bowler
Royal Challengers Bengaluru,Swapnil Singh,, 'BATTING STYLE\n\nRight hand Bat', 'BATTING STYLE\n\nRight hand Bat', 'BOWLING STYLE\n\nSlow Left arm Orthodox',, Uttar Pradesh',, 'AGE\n\n34y 167d',,Right hand Bat,Slow Left arm Orthodox,Bowler
Royal Challengers Bengaluru,Nuwan Thushara,, 'nilING STYLE\n\nRight arm Medium fast',, 'PLAYING ROLE\n\nBowler',, 'AGE\n\n30y 336d',, 'BATTING STYLE\n\nRight hand Bat', 'BATTING STYLE\n\nRight hand Bat',Right hand Bat,Right arm Medium fast ,Bowler
Royal Challengers Bengaluru,Yash Dayal,, 'BATTING STYLE\n\nRight hand Bat', 'BATTING STYLE\n\nRight hand Bat', 'BOWLING STYLE\n\nLeft arm Medium fast',, Uttar Pradesh',, 'AGE\n\n27y 207d',,Right hand Bat,Left arm Medium fast,Bowler
Royal Challengers Bengaluru,Lungi Ngidi,, 'BATTING STYLE\n\nRight hand Bat', 'BATTING STYLE\n\nRight hand Bat', 'BOWLING STYLE\n\nRight arm Fast medium',, Natal',, 'AGE\n\n29y 101d',,Right hand Bat,Right arm Fast medium,Bowler
Sunrisers Hyderabad,Travis Head,,Left hand Bat,Left hand Bat, 'BOWLING STYLE\n\nRight arm Offbreak',, South Australia',, 'AGE\n\n31y 193d',,Left hand Bat,Right arm Offbreak,Top order Batter
Sunrisers Hyderabad,Ishan Kishan,,Left hand Bat,Left hand Bat, 'BOWLING STYLE\n\nRight arm Offbreak,, Bihar',, 'AGE\n\n26y 357d',,Left hand Bat,Right arm Offbreak,Wicketkeeper Batter
Sunrisers Hyderabad,Heinrich Klaasen,, 'BATTING STYLE\n\nRight hand Bat', 'BATTING STYLE\n\nRight hand Bat', 'BOWLING STYLE\n\nRight arm Offbreak',, Transvaal',, 'AGE\n\n33y 345d',,Right hand Bat,Right arm Offbreak,Wicketkeeper Batter
Sunrisers Hyderabad,Sachin Baby,,Left hand Bat,Left hand Bat, 'BOWLING STYLE\n\nRight arm Offbreak',, Kerala',, 'AGE\n\n36y 204d',,Left hand Bat,Right arm Offbreak,Batter
Sunrisers Hyderabad,Aniket Verma,, 'nilING STYLE\n\nRight arm Medium fast',, 'PLAYING ROLE\n\nBatter'],, 'AGE\n\n23y 155d',, 'BATTING STYLE\n\nRight hand Bat', 'BATTING STYLE\n\nRight hand Bat',Right hand Bat,Right arm Medium fast,Batter
Sunrisers Hyderabad,Ravichandran Smaran,, 'PLAYING ROLE\n\nBatter'],,,,Left hand Bat,Left hand Bat, 'BOWLING STYLE\n\nRight arm Offbreak',,Left hand Bat,Right arm Offbreak,Batter
Sunrisers Hyderabad,Abhishek Sharma,,Left hand Bat,Left hand Bat, 'BOWLING STYLE\n\nSlow Left arm Orthodox',, Punjab',, 'AGE\n\n24y 309d',,Left hand Bat,Slow Left arm Orthodox,Batting Allrounder
Sunrisers Hyderabad,Harsh Dubey,,Left hand Bat,Left hand Bat, 'BOWLING STYLE\n\nSlow Left arm Orthodox',, Maharashtra',, 'AGE\n\n22y 352d',,Left hand Bat,Slow Left arm Orthodox,Bowling Allrounder
Sunrisers Hyderabad,Abhinav Manohar,, 'BATTING STYLE\n\nRight hand Bat', 'BATTING STYLE\n\nRight hand Bat', 'BOWLING STYLE\n\nLegbreak Googly',, Karnataka',, 'AGE\n\n30y 297d',,Right hand Bat,Legbreak Googly,Batting Allrounder
Sunrisers Hyderabad,Kamindu Mendis,, 'nilING STYLE\n\nRight arm Offbreak,, Slow Left arm Orthodox',, 'AGE\n\n26y 283d',,Left hand Bat,Left hand Bat,Left hand Bat,Right arm Offbreak,Allrounder
Sunrisers Hyderabad,Nitish Kumar Reddy,, 'BATTING STYLE\n\nRight hand Bat', 'BATTING STYLE\n\nRight hand Bat', 'BOWLING STYLE\n\nRight arm Medium fast',, Andhra Pradesh',, 'AGE\n\n22y 45d',,Right hand Bat,Right arm Medium fast,Batting Allrounder
Sunrisers Hyderabad,Atharva Taide,, 'nilING STYLE\n\nSlow Left arm Orthodox',, 'PLAYING ROLE\n\nBatting Allrounder'],, 'AGE\n\n25y 75d',,Left hand Bat,Left hand Bat,Left hand Bat,Slow Left arm Orthodox,Batting Allrounder
Sunrisers Hyderabad,Brydon Carse,, 'BATTING STYLE\n\nRight hand Bat', 'BATTING STYLE\n\nRight hand Bat', 'BOWLING STYLE\n\nRight arm Fast',, South Africa',, 'AGE\n\n29y 344d',,Right hand Bat,Right arm Fast,Bowling Allrounder
Sunrisers Hyderabad,Wiaan Mulder,, 'BATTING STYLE\n\nRight hand Bat', 'BATTING STYLE\n\nRight hand Bat', 'BOWLING STYLE\n\nRight arm Medium',, 'AGE\n\n27y 141d',, 'NICKNAMES\n\nWiaan',,Right hand Bat,Right arm Medium,Allrounder
Sunrisers Hyderabad,Pat Cummins,, 'NICKNAMES\n\nCummo',, 'BATTING STYLE\n\nRight hand Bat', 'BATTING STYLE\n\nRight hand Bat', Sydney',, 'AGE\n\n32y 63d',,Right hand Bat,Right arm Fast ,Bowler
Sunrisers Hyderabad,Rahul Chahar,, 'BATTING STYLE\n\nRight hand Bat', 'BATTING STYLE\n\nRight hand Bat', 'BOWLING STYLE\n\nLegbreak Googly',, Rajasthan',, 'AGE\n\n25y 340d',,Right hand Bat,Legbreak Googly,Bowler
Sunrisers Hyderabad,Eshan Malinga,, 'nilING STYLE\n\nRight arm Fast medium',, 'PLAYING ROLE\n\nBowler',, 'AGE\n\n24y 156d',,Left hand Bat,Left hand Bat,Left hand Bat,Right arm Fast medium ,Bowler
Sunrisers Hyderabad,Mohammed Shami,, 'BATTING STYLE\n\nRight hand Bat', 'BATTING STYLE\n\nRight hand Bat', 'BOWLING STYLE\n\nRight arm Fast',, Uttar Pradesh',, 'AGE\n\n34y 310d',,Right hand Bat,Right arm Fast,Bowler
Sunrisers Hyderabad,Harshal Patel,, 'BATTING STYLE\n\nRight hand Bat', 'BATTING STYLE\n\nRight hand Bat', 'BOWLING STYLE\n\nRight arm Medium',, Gujarat',, 'AGE\n\n34y 229d',,Right hand Bat,Right arm Medium,Bowler
Sunrisers Hyderabad,Simarjeet Singh,, 'nilING STYLE\n\nRight arm Medium fast',, 'PLAYING ROLE\n\nBowler'],, 'AGE\n\n27y 174d',, 'BATTING STYLE\n\nRight hand Bat', 'BATTING STYLE\n\nRight hand Bat',Right hand Bat,Right arm Medium fast ,Bowler
Sunrisers Hyderabad,Jaydev Unadkat,, 'nilING STYLE\n\nLeft arm Medium',, 'PLAYING ROLE\n\nBowler'],, 'AGE\n\n33y 265d',, 'BATTING STYLE\n\nRight hand Bat', 'BATTING STYLE\n\nRight hand Bat',Right hand Bat,Left arm Medium ,Bowler
Sunrisers Hyderabad,Zeeshan Ansari,, 'BATTING STYLE\n\nRight hand Bat', 'BATTING STYLE\n\nRight hand Bat', 'BOWLING STYLE\n\nLegbreak Googly',, Uttar Pradesh',, 'AGE\n\n25y 206d',,Right hand Bat,Legbreak Googly,Bowler
Sunrisers Hyderabad,Adam Zampa,, 'BATTING STYLE\n\nRight hand Bat', 'BATTING STYLE\n\nRight hand Bat', 'BOWLING STYLE\n\nLegbreak Googly',, New South Wales',, 'AGE\n\n33y 101d',,Right hand Bat,Legbreak Googly,Bowler
,,,,,,,,,,,,,
